<?xml version='1.0' encoding='UTF-8'?><xml><records><record><source-app name="HighWire" version="7.x">Drupal-HighWire</source-app><ref-type name="Journal Article">17</ref-type><contributors><authors><author><style face="normal" font="default" size="100%">TITCHENER, E. B</style></author></authors><secondary-authors></secondary-authors></contributors><titles><title><style face="normal" font="default" size="100%">&lt;em&gt;THE ‘FEELING OF BEING STARED AT’&lt;/em&gt;</style></title><secondary-title><style face="normal" font="default" size="100%">Science</style></secondary-title></titles><dates><year><style  face="normal" font="default" size="100%">1898</style></year><pub-dates><date><style  face="normal" font="default" size="100%">1898-12-23 00:00:00</style></date></pub-dates></dates><pages><style  face="normal" font="default" size="100%">895-897</style></pages><doi><style  face="normal" font="default" size="100%">10.1126/science.8.208.895</style></doi><volume><style face="normal" font="default" size="100%">8</style></volume><issue><style face="normal" font="default" size="100%">208</style></issue><abstract><style  face="normal" font="default" size="100%">This is a PDF-only article. The first page of the PDF of this article appears above.</style></abstract></record></records></xml>